vertex,start_time_dyn,duration_dyn,processor_dyn,start_time_stat,duration_stat,processor_stat
trim_galore_00000984,0.0,8887618.95,31,312781478.30069,8887618.949999988,31
get_software_versions_00000994,0.0,182.8,34,628872522.184581,1462.3999999761581,2
get_software_versions_00000982,0.0,182.8,30,628873103.70127,974.9333339929581,17
get_software_versions_00000970,0.0,182.8,9,628869199.725078,974.9333330392838,15
get_software_versions_00000958,0.0,182.8,6,628870178.901271,974.9333330392838,17
get_software_versions_00000934,0.0,487.466666666667,18,637650674.38019,1462.3999999761581,0
get_software_versions_00000922,0.0,487.466666666667,20,628873103.436746,974.9333339929581,16
get_software_versions_00000910,0.0,487.466666666667,22,628873984.475336,1462.4000000953674,4
get_software_versions_00000886,0.0,731.2,25,628872124.369798,974.9333330392838,14
get_software_versions_00000874,0.0,731.2,27,628871149.591744,974.9333330392838,15
get_software_versions_00000862,0.0,974.933333333333,12,628870174.393887,974.9333329200745,12
get_software_versions_00000850,0.0,974.933333333333,14,647439164.319659,731.2000000476837,26
get_software_versions_00000838,0.0,974.933333333333,16,647439896.515352,974.9333330392838,15
get_software_versions_00000778,0.0,1462.4,5,642574510.558713,1462.4000000953674,1
get_software_versions_00000766,0.0,1462.4,3,647437946.959244,974.9333339929581,17
get_software_versions_00000754,0.0,1462.4,1,642568660.958713,1462.3999999761581,1
fastqc_00000992,0.0,1093624.9375,33,2916333.16666667,2916333.1666666605,20
fastqc_00000980,0.0,1093624.9375,11,2916333.16666667,2916333.1666666605,22
output_documentation_00000751,0.0,1462.4,0,647445747.318806,1462.3999999761581,4
output_documentation_00000763,0.0,1462.4,2,647445746.115352,974.9333329200745,15
get_software_versions_00000898,0.0,731.2,29,628872522.075336,1462.3999999761581,4
output_documentation_00000871,0.0,731.2,28,647444771.492577,974.9333339929581,17
output_documentation_00000931,0.0,487.466666666667,19,647445745.649513,974.9333330392838,12
output_documentation_00000895,0.0,731.2,24,647444282.719659,731.2000000476837,26
output_documentation_00000883,0.0,731.2,26,647442822.984645,1462.3999999761581,1
output_documentation_00000775,0.0,1462.4,4,647444285.539924,1462.3999999761581,0
output_documentation_00000967,0.0,182.8,7,647442820.474939,731.2000000476837,27
output_documentation_00000979,0.0,182.8,10,647442820.319659,731.2000000476837,26
output_documentation_00000919,0.0,487.466666666667,21,647447695.826739,974.9333330392838,14
output_documentation_00000907,0.0,487.466666666667,23,647446720.738126,974.9333329200745,13
output_documentation_00000991,0.0,182.8,32,647441846.537298,974.9333330392838,16
output_documentation_00000847,0.0,974.933333333333,15,647444771.026739,974.9333330392838,14
output_documentation_00000835,0.0,974.933333333333,17,647444285.229365,1462.3999999761581,2
output_documentation_00000859,0.0,974.933333333333,13,647445014.074939,731.1999999284744,27
get_software_versions_00000946,182.8,182.8,9,628869199.569798,974.9333330392838,14
trim_galore_00000972,182.8,8887618.95,34,281503330.470621,8887618.949999988,34
trim_galore_00000960,182.8,8887618.95,32,406615921.790897,8887618.949999988,34
output_documentation_00000943,182.8,182.8,6,647445747.474086,1462.3999999761581,3
output_documentation_00000955,182.8,182.8,10,647441845.91618,974.9333330392838,12
fastqc_00000920,365.6,1093624.9375,9,0.0,4374499.75,26
get_software_versions_00000814,487.466666666667,487.4666666666661,21,647440627.030218,731.2000000476837,28
output_documentation_00000823,487.466666666667,487.4666666666661,20,647443795.938126,974.9333330392838,13
fastqc_00000824,487.466666666667,2916333.1666666633,19,5832666.33333333,2916333.16666667,19
fastqc_00000812,487.466666666667,2916333.1666666633,22,7655374.5625,1093624.9375,8
get_software_versions_00000826,487.466666666667,487.4666666666661,18,647440626.874939,731.2000000476837,27
output_documentation_00000811,487.466666666667,487.4666666666661,23,647444282.874939,731.2000000476837,27
get_software_versions_00000742,731.2,731.2,24,642561349.113993,1462.3999999761581,0
get_software_versions_00000730,731.2,731.2,26,642548186.892875,1462.4000000953674,4
get_software_versions_00000718,731.2,731.2,28,642548187.513993,1462.3999999761581,0
output_documentation_00000787,731.2,731.2,29,647446721.359244,974.9333330392838,17
output_documentation_00000727,731.2,731.2,27,647442822.518806,1462.3999999761581,4
output_documentation_00000739,731.2,731.2,25,647441360.118806,1462.3999999761581,4
get_software_versions_00000706,974.933333333333,974.9333333333369,13,647439896.204793,974.9333330392838,13
output_documentation_00000715,974.933333333333,974.9333333333369,12,647442821.160072,974.9333339929581,14
output_documentation_00000799,974.933333333333,487.46666666666704,21,647445747.939924,1462.3999999761581,0
fastqc_00000800,974.933333333333,2916333.166666667,20,5832666.33333333,2916333.16666667,21
get_software_versions_00000682,974.933333333333,974.9333333333369,17,647438435.474086,1462.3999999761581,3
get_software_versions_00000694,974.933333333333,974.9333333333369,15,647438921.11618,974.9333330392838,12
output_documentation_00000691,974.933333333333,974.9333333333369,16,647441846.226739,974.9333329200745,14
get_software_versions_00000790,974.933333333333,487.46666666666704,23,642546724.337596,1462.3999999761581,5
get_software_versions_00000802,974.933333333333,487.46666666666704,18,642555499.513993,1462.3999999761581,0
output_documentation_00000703,974.933333333333,974.9333333333369,14,647442822.829365,1462.3999999761581,2
get_software_versions_00000598,1462.4,1462.4,4,642546724.803434,1462.3999999761581,2
output_documentation_00000679,1462.4,731.1999999999998,29,647441846.07146,974.9333330392838,13
get_software_versions_00000670,1462.4,731.1999999999998,24,647439895.36438,731.2000000476837,25
get_software_versions_00000658,1462.4,731.1999999999998,26,647438921.27146,974.9333329200745,13
output_documentation_00000607,1462.4,1462.4,5,647442820.849513,974.9333339929581,12
output_documentation_00000595,1462.4,1462.4,3,647443551.830218,731.2000000476837,28
output_documentation_00000583,1462.4,1462.4,1,647442821.470631,974.9333339929581,16
output_documentation_00000667,1462.4,731.1999999999998,25,647442821.625911,974.9333330392838,17
get_software_versions_00000646,1462.4,731.1999999999998,28,647442088.96438,731.1999999284744,25
fastqc_00000764,1462.4,2916333.1666666702,23,3280874.8125,1093624.9375,11
get_software_versions_00000586,1462.4,1462.4,2,642575973.113993,1462.3999999761581,0
get_software_versions_00000574,1462.4,1462.4,0,642565736.313993,1462.3999999761581,0
fastqc_00000776,1462.4,2916333.1666666702,21,0.0,2916333.16666667,23
fastqc_00000788,1462.4,2916333.1666666702,18,0.0,1093624.9375,9
output_documentation_00000655,1462.4,731.1999999999998,27,647442822.363527,1462.3999999761581,5
get_software_versions_00000610,1949.86666666667,974.9333333333302,17,642545262.092875,1462.3999999761581,4
get_software_versions_00000622,1949.86666666667,974.9333333333302,15,642554036.958714,1462.3999999761581,1
get_software_versions_00000634,1949.86666666667,974.9333333333302,13,647439897.874086,1462.3999999761581,3
output_documentation_00000631,1949.86666666667,974.9333333333302,14,647442821.315352,974.9333330392838,15
output_documentation_00000619,1949.86666666667,974.9333333333302,16,647442821.004793,974.9333329200745,13
output_documentation_00000643,1949.86666666667,974.9333333333302,12,647442820.630218,731.1999999284744,28
fastqc_00000596,2193.6,4374499.75,24,0.0,2916333.16666667,20
fastqc_00000584,2193.6,4374499.75,25,0.0,2916333.16666667,18
fastqc_00000572,2193.6,4374499.75,26,2187249.875,1093624.9375,6
output_documentation_00000571,2193.6,731.2000000000003,27,647441360.429365,1462.3999999761581,2
fastqc_00000608,2193.6,4374499.75,29,0.0,2916333.16666667,21
get_software_versions_00000562,2193.6,731.2000000000003,28,642567198.558713,1462.4000000953674,1
fastqc_00000560,2924.8,4374499.75,27,0.0,1093624.9375,6
output_documentation_00000499,2924.8,1462.3999999999996,2,647445745.430218,731.200001001358,28
output_documentation_00000511,2924.8,1462.3999999999996,4,647445745.960072,974.9333329200745,14
get_software_versions_00000490,2924.8,1462.3999999999996,1,642574510.713993,1462.4000000953674,0
get_software_versions_00000502,2924.8,1462.3999999999996,3,642578897.913993,1462.3999999761581,0
get_software_versions_00000514,2924.8,1462.3999999999996,5,647437946.803965,974.9333330392838,16
get_software_versions_00000538,2924.8,974.9333333333298,14,642558424.158713,1462.3999999761581,1
get_software_versions_00000526,2924.8,974.9333333333298,16,642562811.358713,1462.3999999761581,1
output_documentation_00000523,2924.8,974.9333333333298,17,647445746.270631,974.9333330392838,16
get_software_versions_00000550,2924.8,974.9333333333298,12,642570123.513993,1462.3999999761581,0
output_documentation_00000559,2924.8,731.1999999999998,28,647441360.584645,1462.3999999761581,1
output_documentation_00000487,2924.8,1462.3999999999996,0,647447696.137298,974.9333330392838,16
output_documentation_00000535,2924.8,974.9333333333298,15,647446476.630219,731.2000000476837,28
output_documentation_00000547,2924.8,974.9333333333298,13,647445747.629365,1462.3999999761581,2
fastqc_00000548,3656.0,4374499.75,28,1093624.9375,1093624.9375,6
get_software_versions_00000478,3899.73333333333,974.9333333333398,12,642548187.048155,1462.4000000953674,3
get_software_versions_00000466,3899.73333333333,974.9333333333398,14,642546724.648155,1462.3999999761581,3
get_software_versions_00000454,3899.73333333333,974.9333333333398,16,642545262.403434,1462.3999999761581,2
output_documentation_00000475,3899.73333333333,974.9333333333398,13,647447695.671459,974.9333330392838,13
output_documentation_00000463,3899.73333333333,974.9333333333398,15,647446721.203964,974.9333339929581,16
output_documentation_00000451,3899.73333333333,974.9333333333398,17,647446720.893405,974.9333339929581,14
get_software_versions_00000406,4387.2,1462.4000000000005,5,647439897.718806,1462.3999999761581,4
get_software_versions_00000394,4387.2,1462.4000000000005,3,647440871.293406,974.9333330392838,14
get_software_versions_00000382,4387.2,1462.4000000000005,1,647441358.230218,731.1999999284744,28
output_documentation_00000379,4387.2,1462.4000000000005,0,647443795.782847,974.9333329200745,12
output_documentation_00000391,4387.2,1462.4000000000005,2,647443796.248685,974.9333330392838,15
output_documentation_00000403,4387.2,1462.4000000000005,4,647443796.559244,974.9333329200745,17
output_documentation_00000415,4874.66666666667,974.9333333333307,17,647444283.030218,731.2000000476837,28
get_software_versions_00000418,4874.66666666667,974.9333333333307,16,642549649.913993,1462.3999999761581,0
get_software_versions_00000430,4874.66666666667,974.9333333333307,14,642554037.113993,1462.3999999761581,0
get_software_versions_00000442,4874.66666666667,974.9333333333307,12,642556961.758713,1462.3999999761581,1
output_documentation_00000427,4874.66666666667,974.9333333333307,15,647445013.919659,731.1999999284744,26
output_documentation_00000439,4874.66666666667,974.9333333333307,13,647446720.582846,974.9333339929581,12
get_software_versions_00000346,5849.6,1462.3999999999996,4,647439895.674939,731.1999999284744,27
get_software_versions_00000358,5849.6,974.9333333333298,17,647440626.719659,731.2000000476837,26
get_software_versions_00000370,5849.6,974.9333333333298,14,647439164.474939,731.2000000476837,27
fastqc_00000380,5849.6,5832666.33333333,13,7655374.5625,1093624.9375,11
output_documentation_00000331,5849.6,1462.3999999999996,1,647444771.337298,974.9333329200745,16
output_documentation_00000343,5849.6,1462.3999999999996,3,647444284.763527,1462.3999999761581,5
output_documentation_00000355,5849.6,1462.3999999999996,5,647444285.074086,1462.4000000953674,3
output_documentation_00000367,5849.6,974.9333333333298,16,647443796.403965,974.9333330392838,16
fastqc_00000392,5849.6,5832666.33333333,12,7655374.5625,1093624.9375,6
get_software_versions_00000334,5849.6,1462.3999999999996,2,647439896.670632,974.9333330392838,16
fastqc_00000368,5849.6,5832666.33333333,15,5832666.33333333,2916333.16666667,18
get_software_versions_00000322,5849.6,1462.3999999999996,0,647438921.737298,974.9333339929581,16
fastqc_00000344,6824.53333333333,5832666.333333337,16,3280874.8125,1093624.9375,6
fastqc_00000356,6824.53333333333,5832666.333333337,14,0.0,8748999.5,5
fastqc_00000332,6824.53333333333,5832666.333333337,17,7655374.5625,1093624.9375,7
get_software_versions_00000298,7312.0,1462.3999999999996,2,628870174.503131,974.9333339929581,14
get_software_versions_00000310,7312.0,1462.3999999999996,4,647440871.448685,974.9333339929581,15
output_documentation_00000319,7312.0,1462.3999999999996,5,647444770.871459,974.9333339929581,13
output_documentation_00000307,7312.0,1462.3999999999996,3,647445014.230218,731.1999999284744,28
output_documentation_00000295,7312.0,1462.3999999999996,1,647444770.71618,974.9333330392838,12
get_software_versions_00000286,7312.0,1462.3999999999996,0,628871153.57008,974.9333329200745,16
get_software_versions_00000250,8774.4,1462.3999999999996,0,628875447.13986,1462.3999999761581,0
output_documentation_00000259,8774.4,1462.3999999999996,1,647444285.384645,1462.3999999761581,1
get_software_versions_00000274,8774.4,1462.3999999999996,4,628872521.655532,1462.3999999761581,5
output_documentation_00000271,8774.4,1462.3999999999996,3,647444284.918806,1462.4000000953674,4
get_software_versions_00000262,8774.4,1462.3999999999996,2,628868224.791744,974.9333339929581,15
output_documentation_00000283,8774.4,1462.3999999999996,5,647444771.182018,974.9333339929581,15
get_software_versions_00000226,10236.8,1462.4000000000015,2,642543799.692875,1462.3999999761581,4
get_software_versions_00000214,10236.8,1462.4000000000015,0,628872522.449105,1462.3999999761581,1
output_documentation_00000247,10236.8,1462.4000000000015,5,647442823.139924,1462.3999999761581,0
output_documentation_00000235,10236.8,1462.4000000000015,3,647443796.093406,974.9333330392838,14
output_documentation_00000223,10236.8,1462.4000000000015,1,647444282.56438,731.1999999284744,25
get_software_versions_00000238,10236.8,1462.4000000000015,4,637649211.98019,1462.3999999761581,0
get_software_versions_00000202,11699.2,1462.3999999999996,4,628873984.055532,1462.3999999761581,5
get_software_versions_00000178,11699.2,1462.3999999999996,0,628873984.584581,1462.3999999761581,2
output_documentation_00000187,11699.2,1462.3999999999996,1,647446721.048685,974.9333330392838,15
output_documentation_00000211,11699.2,1462.3999999999996,5,647445013.76438,731.2000000476837,25
output_documentation_00000199,11699.2,1462.3999999999996,3,647445747.784645,1462.4000000953674,1
get_software_versions_00000190,11699.2,1462.3999999999996,2,628873984.849105,1462.3999999761581,1
output_documentation_00000175,13161.6,1462.3999999999996,5,647447695.51618,974.9333329200745,12
output_documentation_00000151,13161.6,1462.3999999999996,1,647441846.382019,974.9333329200745,15
output_documentation_00000163,13161.6,1462.3999999999996,3,647447695.982018,974.9333339929581,15
get_software_versions_00000142,13161.6,1462.3999999999996,0,637653599.02491,1462.3999999761581,1
get_software_versions_00000154,13161.6,1462.3999999999996,2,628872522.33986,1462.4000000953674,0
get_software_versions_00000166,13161.6,1462.3999999999996,4,628874078.37008,974.9333330392838,16
get_software_versions_00000118,14624.0,1462.3999999999996,2,628869203.703413,974.9333330392838,16
get_software_versions_00000130,14624.0,1462.3999999999996,4,637649211.824911,1462.3999990224838,1
get_software_versions_00000106,14624.0,1462.3999999999996,0,628868228.77008,974.9333330392838,16
output_documentation_00000115,14624.0,1462.3999999999996,1,647445747.163527,1462.3999999761581,5
output_documentation_00000127,14624.0,1462.3999999999996,3,647445746.425911,974.9333330392838,17
output_documentation_00000139,14624.0,1462.3999999999996,5,647445745.804793,974.9333330392838,13
get_software_versions_00000082,16086.4,1462.3999999999996,2,628870174.658411,974.9333329200745,15
output_documentation_00000079,16086.4,1462.3999999999996,1,647443551.519659,731.1999999284744,26
output_documentation_00000091,16086.4,1462.3999999999996,3,647441360.274086,1462.3999999761581,3
output_documentation_00000103,16086.4,1462.3999999999996,5,647441846.692578,974.9333330392838,17
get_software_versions_00000070,16086.4,1462.3999999999996,0,628869203.967937,974.9333339929581,17
get_software_versions_00000094,16086.4,1462.3999999999996,4,628872124.525077,974.9333339929581,15
get_software_versions_00000034,17548.8,1462.4000000000015,0,628873984.320056,1462.4000000953674,3
get_software_versions_00000046,17548.8,1462.4000000000015,2,642543800.003434,1462.4000000953674,2
get_software_versions_00000058,17548.8,1462.4000000000015,4,628868229.034604,974.9333330392838,17
output_documentation_00000067,17548.8,1462.4000000000015,5,647442822.674086,1462.3999999761581,3
output_documentation_00000043,17548.8,1462.4000000000015,1,647443551.674939,731.1999999284744,27
output_documentation_00000055,17548.8,1462.4000000000015,3,647441360.739924,1462.4000000953674,0
output_documentation_00000019,19011.2,1462.3999999999978,3,647443551.36438,731.2000000476837,25
output_documentation_00000031,19011.2,1462.3999999999978,5,647442820.16438,731.2000000476837,25
get_software_versions_00000022,19011.2,1462.3999999999978,4,637653599.18019,1462.3999999761581,0
get_software_versions_00000005,19011.2,1462.3999999999978,1,628872128.503413,974.9333330392838,16
output_documentation_00000012,19011.2,1462.3999999999978,2,647441359.963527,1462.4000000953674,5
fastqc_00000884,1093624.9375,1093624.9375,8,0.0,5832666.33333333,12
trim_galore_00000948,1093624.9375,8887618.95,33,312781478.30069,8887618.949999988,34
fastqc_00000872,1093807.7375,1093624.9374999998,7,0.0,5832666.33333333,16
trim_galore_00000936,1093807.7375,8887618.95,30,62556295.660138,8887618.949999996,30
fastqc_00000848,1093990.5375,1093624.9375,9,0.0,8748999.5,4
fastqc_00000860,1093990.5375,1093624.9375,10,5832666.33333333,2916333.16666667,20
fastqc_00000728,2187432.675,1093624.9375,7,0.0,2916333.16666667,19
fastqc_00000464,2916820.63333333,2916333.16666667,19,0.0,1093624.9375,11
fastqc_00000452,2916820.63333333,2916333.16666667,22,0.0,1093624.9375,10
fastqc_00000440,2917308.1,2916333.1666666702,20,0.0,4374499.75,29
fastqc_00000416,2917795.56666667,2916333.1666666595,21,0.0,8748999.5,3
fastqc_00000404,2917795.56666667,2916333.1666666595,23,7655374.5625,1093624.9375,10
fastqc_00000428,2917795.56666667,2916333.1666666595,18,0.0,8748999.5,1
fastqc_00000620,3281240.4125,1093624.9374999995,6,2187249.875,1093624.9375,10
fastqc_00000632,3281240.4125,1093624.9374999995,9,2187249.875,1093624.9375,7
fastqc_00000644,3281240.4125,1093624.9374999995,10,0.0,1093624.9375,7
fastqc_00000512,4374682.55,1093624.9375,7,0.0,2916333.16666667,22
fastqc_00000020,4376693.35,4374499.75,24,2916333.16666667,2916333.1666666605,21
fastqc_00000001,4376693.35,4374499.75,25,2916333.16666667,2916333.1666666605,19
fastqc_00000032,4376693.35,4374499.75,29,2916333.16666667,2916333.1666666605,23
fastqc_00000320,5468124.6875,1093624.9375,11,0.0,8748999.5,2
fastqc_00000308,5468124.6875,1093624.9375,8,0.0,8748999.5,0
fastqc_00000296,5468307.4875,1093624.9375,7,5832666.33333333,2916333.16666667,22
fastqc_00000260,5468490.2875,1093624.9375,6,0.0,5832666.33333333,14
fastqc_00000284,5468490.2875,1093624.9375,10,0.0,5832666.33333333,17
fastqc_00000272,5468490.2875,1093624.9375,9,0.0,5832666.33333333,15
fastqc_00000092,5833153.8,2916333.1666666707,22,6561749.625,1093624.9375,11
fastqc_00000104,5833153.8,2916333.1666666707,19,6561749.625,1093624.9375,10
fastqc_00000080,5833641.26666667,2916333.1666666595,20,5468124.6875,1093624.9375,7
fastqc_00000068,5834128.73333333,2916333.1666666707,18,2916333.16666667,2916333.1666666605,18
fastqc_00000056,5834128.73333333,2916333.1666666707,21,5468124.6875,1093624.9375,10
fastqc_00000044,5834128.73333333,2916333.1666666707,23,5468124.6875,1093624.9375,11
fastqc_00000248,6561749.625,1093624.9375,11,0.0,5832666.33333333,13
fastqc_00000188,6562115.225,1093624.9375,6,0.0,4374499.75,28
fastqc_00000176,7655374.5625,1093624.9375,11,0.0,4374499.75,27
fastqc_00000164,7655374.5625,1093624.9375,8,0.0,4374499.75,25
fastqc_00000152,7655557.3625,1093624.937500001,7,0.0,4374499.75,24
trim_galore_00000888,31278330.630069,8887618.95,32,156390739.150345,8887618.949999988,33
trim_galore_00000900,31278330.630069,8887618.95,34,187668886.980414,8887618.949999988,32
trim_galore_00000876,32371772.767569,8887618.95,33,156390739.150345,8887618.949999988,35
trim_galore_00000864,32371955.567569,8887618.95,30,218947034.810483,8887618.949999988,35
trim_galore_00000840,62556295.660138,8887618.949999996,31,93834443.4902071,8887618.949999899,35
trim_galore_00000852,62556295.660138,8887618.949999996,35,0.0,8887618.95,30
trim_galore_00000828,62556478.460138,8887618.949999996,34,375337773.960828,8887618.949999988,33
trim_galore_00000816,62556478.460138,8887618.949999996,32,281503330.470621,8887618.949999988,35
trim_galore_00000804,63649920.597638,8887618.949999996,33,344059626.130759,8887618.949999988,33
trim_galore_00000792,63650103.397638,8887618.949999996,30,281503330.470621,8887618.949999988,30
trim_galore_00000780,93834443.4902071,8887618.949999899,35,125112591.320276,8887618.949999988,35
trim_galore_00000768,93834443.4902071,8887618.949999899,31,218947034.810483,8887618.949999988,30
trim_galore_00000756,93834626.2902071,8887618.949999899,34,125112591.320276,8887618.949999988,32
trim_galore_00000744,93834626.2902071,8887618.949999899,32,187668886.980414,8887618.949999988,30
trim_galore_00000732,94928068.4277071,8887618.949999899,33,31278147.830069,8887618.95,34
trim_galore_00000684,125112774.120276,8887618.950000003,34,344059626.130759,8887618.949999988,31
trim_galore_00000672,125112774.120276,8887618.950000003,32,312781478.30069,8887618.949999988,32
trim_galore_00000660,126206216.257776,8887618.950000003,33,281503330.470621,8887618.949999988,33
trim_galore_00000624,156390739.150345,8887618.949999988,31,93834443.4902071,8887618.949999899,30
trim_galore_00000612,156390921.950345,8887618.949999988,34,62556295.660138,8887618.949999996,32
trim_galore_00000600,156390921.950345,8887618.949999988,32,62556295.660138,8887618.949999996,35
trim_galore_00000588,157484364.087845,8887618.949999988,33,0.0,8887618.95,31
trim_galore_00000540,187669069.780414,8887618.950000018,34,125112591.320276,8887618.949999988,31
trim_galore_00000528,187669069.780414,8887618.950000018,32,156390739.150345,8887618.949999988,30
trim_galore_00000504,188762694.717914,8887618.950000018,30,31278147.830069,8887618.95,32
trim_galore_00000492,218947034.810483,8887618.949999988,35,93834443.4902071,8887618.949999899,34
trim_galore_00000468,218947217.610483,8887618.950000018,34,375337773.960828,8887618.949999988,35
trim_galore_00000456,218947217.610483,8887618.950000018,32,312781478.30069,8887618.949999988,35
trim_galore_00000432,220040842.547983,8887618.950000018,30,344059626.130759,8887618.949999988,34
trim_galore_00000396,250225365.440552,8887618.950000018,34,250225182.640552,8887618.949999988,31
trim_galore_00000360,251318990.378052,8887618.950000018,30,93834443.4902071,8887618.949999899,33
trim_galore_00000348,281503330.470621,8887618.949999988,35,62556295.660138,8887618.949999996,31
trim_galore_00000336,281503330.470621,8887618.949999988,31,31278147.830069,8887618.95,31
trim_galore_00000324,281503513.270621,8887618.949999988,34,0.0,8887618.95,33
trim_galore_00000192,344059626.130759,8887618.949999988,31,62556295.660138,8887618.949999996,34
trim_galore_00000168,344059808.930759,8887618.949999988,32,31278147.830069,8887618.95,35
trim_galore_00000180,344059808.930759,8887618.949999988,34,0.0,8887618.95,32
trim_galore_00000156,345153251.068259,8887618.949999988,33,31278147.830069,8887618.95,30
trim_galore_00000144,345153433.868259,8887618.949999988,30,62556295.660138,8887618.949999996,33
trim_galore_00000120,375337773.960828,8887618.949999988,31,93834443.4902071,8887618.949999899,32
bismark_deduplicate_00000981,413897442.953775,182.80000001192093,11,620051068.484282,182.79999995231628,6
preseq_00000983,413897443.109054,182.79999995231628,10,642542337.292875,1462.3999999761581,4
bismark_methXtract_00000976,413897625.753775,7639.925000011921,11,628853227.602378,7639.924999952316,7
qualimap_00000973,413897626.278501,2488.8250000476837,10,628845592.304261,9955.300000071526,26
bismark_summary_00000974,413905265.923873,182.80000001192093,10,642542337.758714,1462.4000000953674,1
bismark_report_00000978,413905269.439885,877.7249999642372,11,642534717.875134,2340.600000023842,19
bismark_deduplicate_00000993,420085155.978775,182.79999995231628,10,620050885.905668,487.4666669368744,18
preseq_00000995,420085156.134054,182.80000001192093,9,642542336.801802,731.1999999284744,27
bismark_methXtract_00000988,420085338.778775,7639.925000011921,10,624976405.809851,30559.699999928474,27
qualimap_00000985,420085339.303501,2488.824999988079,9,625006782.719039,19910.600000023842,3
bismark_summary_00000986,420092978.948873,182.80000001192093,9,642542337.448155,1462.3999999761581,3
bismark_align_00000939,437894069.620966,6187713.024999976,31,487804993.115814,6187713.025000036,35
bismark_align_00000963,437894069.620966,6187713.024999976,35,532723175.506594,6187713.025000036,32
multiqc_00000977,437894069.805202,182.80000001192093,11,651337221.439619,182.80000007152557,31
multiqc_00000989,437894252.53375,182.80000001192093,10,651330978.616365,487.4666670560837,20
bismark_align_00000855,442568784.370649,6187713.025000036,30,444491001.940814,6187713.024999976,35
bismark_deduplicate_00000957,442568784.771027,182.79999995231628,11,628845404.877378,182.80000007152557,7
preseq_00000959,442568784.926306,182.80000001192093,10,651329244.828533,487.4666659832001,21
bismark_methXtract_00000952,442568967.571027,7639.925000011921,11,628845587.677378,7639.924999952316,7
qualimap_00000949,442568968.095753,2488.824999988079,10,628855730.987326,9955.299999952316,25
bismark_summary_00000950,442576607.741125,182.80000001192093,10,651329244.517974,487.4666659832001,19
bismark_report_00000954,442576611.257138,877.7249999642372,11,651330100.341058,877.7250000238419,33
multiqc_00000953,442577489.094924,182.80000001192093,10,651337039.505189,182.80000007152557,8
bismark_align_00000891,444081782.645966,6187713.025000036,31,600174061.883351,6187713.024999976,31
bismark_deduplicate_00000945,444081783.046344,182.80000001192093,11,624945659.045621,182.79999995231628,8
bismark_deduplicate_00000969,444081783.046344,182.80000001192093,9,628845586.811808,182.79999995231628,31
preseq_00000971,444081783.201623,182.79999995231628,8,651329245.139092,487.4666659832001,23
preseq_00000947,444081783.201623,182.79999995231628,10,647436970.4091,731.1999999284744,24
bismark_align_00000831,444081965.445966,6187713.024999976,32,423103455.15242,7599916.058305025,35
bismark_align_00000867,444081965.445966,6187713.024999976,34,415503540.740897,7599914.4115229845,35
bismark_deduplicate_00000933,444081965.846344,182.80000001192093,9,624945476.55618,182.79999995231628,6
bismark_deduplicate_00000909,444081965.846344,182.80000001192093,11,624945476.400901,182.80000007152557,7
preseq_00000911,444081966.001623,182.80000001192093,10,647436971.870632,974.9333329200745,16
preseq_00000935,444081966.001623,182.80000001192093,8,647437702.230218,731.1999999284744,28
qualimap_00000937,444081967.995056,2488.8250000476837,6,624986408.059204,13273.733334064484,15
bismark_methXtract_00000940,444081969.067781,7639.925000011921,7,624945964.244233,20373.133332967758,18
qualimap_00000961,444082148.646344,2488.824999988079,9,628858865.508546,6636.866667032242,21
bismark_methXtract_00000964,444082148.646344,7639.925000011921,11,628853227.136539,7639.925000071526,10
qualimap_00000901,444082150.795056,2488.824999988079,8,624976527.295148,9955.299999952316,26
bismark_methXtract_00000904,444082151.867781,7639.925000011921,10,624945662.258376,40746.2666670084,14
bismark_methXtract_00000928,444084456.820056,7639.924999952316,6,624945661.996424,20373.133333086967,21
qualimap_00000925,444084637.471344,2488.824999988079,9,628845592.901271,13273.7333329916,17
bismark_summary_00000938,444089609.237879,182.80000001192093,9,647437701.919659,731.1999999284744,26
bismark_report_00000942,444089612.753891,877.7250000238419,7,647436972.18006,2340.600000023842,22
bismark_summary_00000962,444089788.816442,182.80000001192093,8,651329244.983812,487.4666670560837,22
bismark_summary_00000902,444089792.282977,182.80000001192093,9,647436971.560073,974.9333330392838,14
bismark_report_00000906,444089795.553891,877.7250009775162,10,647437822.679661,877.7250000238419,9
multiqc_00000941,444090490.591677,182.80000001192093,9,651330116.078094,731.2000000476837,26
multiqc_00000965,444090670.17024,182.80000001192093,8,651337222.460469,182.79999995231628,7
multiqc_00000905,444090673.391677,182.80000096559525,11,651337404.94991,182.79999995231628,9
bismark_summary_00000926,444092096.990154,182.79999995231628,11,647436971.404793,974.9333329200745,13
bismark_report_00000930,444092100.506167,877.7250000238419,6,647436965.031613,2340.600000023842,21
multiqc_00000929,444092978.343952,182.80000001192093,10,651337769.52906,182.79999995231628,34
bismark_align_00000843,445175407.583466,6187713.025000036,33,450678714.965814,6187713.024999976,35
bismark_deduplicate_00000921,445175407.983844,182.80000001192093,11,637639922.73842,182.79999995231628,34
preseq_00000923,445175408.139123,182.79999995231628,10,637647749.114352,1462.3999990224838,5
bismark_methXtract_00000916,445175590.783844,7639.925000011921,11,637640105.53842,7639.925000071526,34
qualimap_00000913,445175591.30857,2488.824999988079,10,637640105.868802,2488.8250000476837,31
bismark_summary_00000914,445183230.953942,182.80000001192093,10,637649211.669631,1462.3999999761581,2
bismark_report_00000918,445183234.469954,877.7250009775162,11,637647745.46342,3510.899999976158,26
multiqc_00000917,445184112.307739,182.80000096559525,9,651337222.28811,731.1999999284744,26
bismark_align_00000783,448756497.395649,6187713.024999976,30,456477770.09202,6187713.025000036,33
bismark_deduplicate_00000861,448756497.796027,182.80000001192093,11,624945477.088125,487.4666670560837,20
preseq_00000863,448756497.951306,182.80000001192093,10,647439898.184645,1462.3999999761581,1
bismark_methXtract_00000856,448756680.596027,7639.925000011921,11,624945966.583099,30559.700000047684,24
qualimap_00000853,448756681.120753,2488.824999988079,10,625026693.319039,19910.600000023842,3
bismark_summary_00000854,448764320.766125,182.79999995231628,10,647442089.119659,731.2000000476837,26
multiqc_00000857,448765202.119923,182.80000001192093,10,651337586.417855,182.79999995231628,35
bismark_align_00000771,450269495.670966,6187713.024999976,35,430703371.210725,7599917.705088973,32
bismark_align_00000759,450269495.670966,6187713.024999976,31,415503540.740897,7599914.4115229845,31
bismark_deduplicate_00000897,450269496.071344,182.79999995231628,9,606361775.219555,487.4666669368744,18
bismark_deduplicate_00000885,450269496.071344,182.79999995231628,11,606361776.151232,487.4666669368744,21
preseq_00000899,450269496.226623,182.80000001192093,8,642543799.537596,1462.3999999761581,5
preseq_00000887,450269496.226623,182.80000001192093,10,637652136.469631,1462.4000000953674,2
bismark_align_00000807,450269678.470966,6187713.025000036,32,415503540.740897,7599914.4115229845,33
bismark_deduplicate_00000837,450269678.871344,182.80000001192093,11,624945476.245621,182.80000007152557,8
bismark_deduplicate_00000873,450269678.871344,182.80000001192093,9,624945476.777566,487.4666670560837,18
preseq_00000839,450269679.026623,182.80000001192093,10,647438433.430218,731.2000000476837,28
preseq_00000875,450269679.026623,182.80000001192093,8,647436971.249514,974.9333330392838,12
qualimap_00000877,450269681.020056,2488.824999988079,6,625006795.40037,19910.600000977516,2
bismark_methXtract_00000880,450269682.092781,7639.925000011921,7,606362266.063438,40746.26666688919,15
bismark_methXtract_00000892,450269861.671344,7639.925000011921,11,606362265.131761,40746.2666670084,14
qualimap_00000889,450269861.671344,2488.824999988079,9,624986408.525043,13273.7333329916,14
qualimap_00000829,450269863.820056,2488.824999988079,8,624976526.283099,9955.299999952316,24
bismark_methXtract_00000832,450269864.892781,7639.924999952316,10,624945847.733838,30559.700000047684,28
bismark_methXtract_00000868,450272169.845056,7639.925000011921,6,624966337.532846,20373.133332967758,19
qualimap_00000865,450272350.496344,2488.8250000476837,9,625026694.787745,19910.600000023842,0
bismark_summary_00000878,450277322.262879,182.80000001192093,9,628869199.460553,974.9333339929581,12
bismark_report_00000882,450277325.778891,877.7249999642372,7,628865502.375213,2340.600000023842,21
bismark_summary_00000890,450277501.841442,182.80000001192093,8,637650674.22491,1462.3999999761581,1
bismark_summary_00000830,450277505.307977,182.79999995231628,9,647438921.582019,974.9333330392838,15
bismark_report_00000894,450277505.357455,877.7249999642372,11,628865498.241598,2340.600000023842,19
bismark_report_00000834,450277508.578891,877.7250000238419,10,647436940.18903,877.7249999046326,8
multiqc_00000881,450278203.616676,182.80000001192093,8,651337587.74991,182.79999995231628,9
multiqc_00000893,450278383.195241,182.80000001192093,9,651337404.394898,182.79999995231628,30
multiqc_00000833,450278386.416677,182.80000001192093,11,651330116.078092,731.2000000476837,24
bismark_summary_00000866,450279810.015154,182.80000001192093,11,647436971.030218,731.2000000476837,28
bismark_report_00000870,450279813.531167,877.7250000238419,6,647436952.103108,877.7249999046326,6
multiqc_00000869,450280691.368952,182.80000001192093,7,651337039.887505,487.4666669368744,22
bismark_align_00000795,451363120.608466,6187713.024999976,33,423103455.15242,7599916.058305025,31
bismark_deduplicate_00000849,451363121.008844,182.79999995231628,11,624945476.932846,487.4666670560837,19
preseq_00000851,451363121.164123,182.80000001192093,10,647439896.360072,974.9333339929581,14
bismark_methXtract_00000844,451363303.808844,7639.925000011921,11,624945964.399513,20373.133332967758,19
qualimap_00000841,451363304.33357,2488.824999988079,10,625006784.187745,19910.600000023842,0
bismark_summary_00000842,451370943.978942,182.80000001192093,10,647439895.519659,731.1999999284744,26
multiqc_00000845,451371825.332739,182.80000001192093,9,651337587.439351,182.80000007152557,11
bismark_deduplicate_00000789,454944210.821027,182.80000001192093,11,620050885.684282,182.80000007152557,6
preseq_00000791,454944210.976306,182.79999995231628,10,642546725.113993,1462.3999999761581,0
bismark_methXtract_00000784,454944393.621027,7639.925000011921,11,624966337.377566,20373.13333404064,18
qualimap_00000781,454944394.145753,2488.824999988079,10,628845592.636746,13273.733333945274,16
bismark_summary_00000782,454952033.791125,182.80000001192093,10,642548187.203434,1462.3999999761581,2
bismark_report_00000786,454952037.307138,877.7249999642372,11,642534722.640765,2340.600000023842,21
multiqc_00000785,454952915.144924,182.80000001192093,10,651337527.198891,487.4666659832001,20
bismark_align_00000687,456457208.695966,6187713.024999976,31,577690433.091098,6187713.025000095,31
bismark_deduplicate_00000777,456457209.096344,182.80000001192093,9,628845404.566819,182.80000007152557,9
bismark_deduplicate_00000765,456457209.096344,182.80000001192093,11,606361775.530114,487.4666669368744,20
preseq_00000779,456457209.251623,182.80000001192093,8,651337038.32906,182.80000007152557,34
preseq_00000767,456457209.251623,182.80000001192093,10,642561348.958713,1462.3999999761581,1
bismark_deduplicate_00000825,456457391.896344,182.80000001192093,9,628845404.41154,182.79999995231628,10
bismark_deduplicate_00000813,456457391.896344,182.80000001192093,11,620050885.529002,182.80000007152557,7
preseq_00000815,456457392.051623,182.80000001192093,10,642549649.758714,1462.4000000953674,1
preseq_00000827,456457392.051623,182.80000001192093,8,651337039.19463,182.79999995231628,10
qualimap_00000757,456457394.045056,2488.824999988079,6,625046605.387745,19910.600000977516,0
bismark_methXtract_00000760,456457395.117781,7639.925000011921,7,606362265.025088,30559.700000047684,29
qualimap_00000769,456457574.696344,2488.824999988079,9,628845587.796877,9955.299999952316,29
qualimap_00000805,456457576.845056,2488.824999988079,8,624986596.041723,13273.7333329916,12
bismark_methXtract_00000808,456457577.917781,7639.925000011921,10,620051070.969246,30559.699999928474,28
bismark_methXtract_00000820,456459882.870056,7639.925000011921,6,628845587.21154,7639.924998998642,10
qualimap_00000817,456460063.521344,2488.824999988079,9,628845587.641598,6636.866665959358,19
bismark_summary_00000758,456465035.287879,182.80000001192093,9,642564273.913993,1462.3999999761581,0
bismark_report_00000762,456465038.803891,877.7250000238419,7,628865500.384581,7021.800000071526,2
bismark_summary_00000806,456465218.332977,182.80000001192093,9,642551112.313993,1462.3999999761581,0
bismark_report_00000810,456465221.603891,877.7249999642372,10,642534713.109503,2340.600000023842,18
multiqc_00000773,456466096.220241,182.80000001192093,8,651337346.399146,487.4666659832001,19
multiqc_00000809,456466099.441677,182.80000001192093,11,651337587.039619,182.80000007152557,31
bismark_summary_00000818,456467523.040154,182.80000001192093,11,651337039.039351,182.80000007152557,11
bismark_report_00000822,456467526.556167,877.7249999642372,6,651329227.381689,877.7250000238419,30
bismark_align_00000723,457550833.633466,6187713.024999976,33,487755917.922089,6187713.025000036,32
bismark_deduplicate_00000801,457550834.033844,182.80000001192093,11,606361775.374835,487.4666669368744,19
preseq_00000803,457550834.189123,182.80000001192093,10,642556961.913993,1462.3999999761581,0
bismark_methXtract_00000796,457551016.833844,7639.925000011921,11,606362265.28704,40746.2666670084,16
qualimap_00000793,457551017.35857,2488.8250000476837,10,624986599.289695,13273.733333945274,17
bismark_summary_00000794,457558657.003942,182.80000001192093,10,642545262.248155,1462.3999999761581,3
bismark_report_00000798,457558660.519954,877.7249999642372,11,628858862.12722,4681.199999928474,12
multiqc_00000797,457559538.35774,182.80000001192093,10,651337222.371936,731.2000000476837,28
bismark_deduplicate_00000717,461131923.846027,182.80000001192093,11,624945476.090342,182.79999995231628,9
preseq_00000719,461131924.001306,182.80000001192093,10,647439897.563527,1462.3999999761581,5
bismark_methXtract_00000712,461132106.646027,7639.924999952316,11,624945661.695052,61119.39999997616,5
qualimap_00000709,461132107.170753,2488.824999988079,10,628845588.393887,13273.7333329916,12
bismark_summary_00000710,461139746.816125,182.80000001192093,10,647440871.138126,974.9333339929581,13
bismark_report_00000714,461139750.332138,877.7250000238419,11,647436967.414429,2340.600000023842,19
multiqc_00000713,461140628.169923,182.80000001192093,10,651329732.605758,487.4666670560837,23
bismark_align_00000615,462644921.720966,6187713.025000036,31,523928656.468777,6187713.024999976,33
bismark_deduplicate_00000693,462644922.121344,182.80000001192093,11,628845587.05626,182.79999995231628,11
bismark_deduplicate_00000705,462644922.121344,182.80000001192093,9,628845404.25626,182.79999995231628,11
preseq_00000707,462644922.276623,182.80000001192093,8,651337038.794898,182.79999995231628,30
preseq_00000695,462644922.276623,182.80000001192093,10,642577435.513993,1462.3999999761581,0
bismark_align_00000675,462645104.520966,6187713.025000036,34,555206804.298846,6187713.024999976,30
bismark_deduplicate_00000741,462645104.921344,182.80000001192093,11,628845586.500603,182.80000007152557,30
bismark_deduplicate_00000753,462645104.921344,182.80000001192093,9,628845404.722099,182.80000007152557,8
preseq_00000743,462645105.076623,182.79999995231628,10,647437946.338126,974.9333341121674,13
qualimap_00000685,462645107.070056,2488.824999988079,6,628858865.244022,6636.866665959358,18
bismark_methXtract_00000688,462645108.142781,7639.924999952316,7,628853227.291819,7639.925000071526,9
qualimap_00000697,462645287.721344,2488.824999988079,9,628860867.527378,2488.8250000476837,7
bismark_methXtract_00000700,462645287.721344,7639.925000011921,11,628845769.85626,7639.925000071526,11
qualimap_00000733,462645289.870056,2488.8250000476837,8,628855547.604261,9955.299999952316,26
bismark_methXtract_00000736,462645290.942781,7639.925000011921,10,628845769.300603,7639.924999952316,30
bismark_methXtract_00000748,462647595.895056,7639.925000011921,6,628845587.522099,7639.924998998642,8
qualimap_00000745,462647776.546344,2488.824999988079,9,628861049.150603,2488.8249999284744,30
bismark_summary_00000686,462652748.312879,182.79999995231628,9,647441357.76438,731.2000000476837,25
bismark_summary_00000698,462652927.891442,182.80000001192093,8,651337038.639619,182.79999995231628,31
bismark_summary_00000734,462652931.357977,182.80000001192093,9,642575972.958713,1462.3999999761581,1
bismark_report_00000702,462652931.407454,877.7250009775162,11,651329224.998874,877.7250000238419,31
bismark_report_00000738,462652934.628891,877.7250000238419,10,628868224.371941,4681.200000047684,13
multiqc_00000689,462653629.666677,182.80000001192093,9,651330111.31246,487.4666670560837,20
multiqc_00000701,462653809.245241,182.80000001192093,8,651337222.615748,182.79999995231628,6
multiqc_00000737,462653812.466677,182.80000001192093,11,647442089.430218,731.2000000476837,28
bismark_summary_00000746,462655236.065154,182.80000001192093,11,651336857.015748,182.79999995231628,6
bismark_report_00000750,462655239.581167,877.7250000238419,6,651329240.664154,877.7249999046326,10
multiqc_00000749,462656117.418952,182.80000001192093,11,651337220.817855,182.79999995231628,35
bismark_deduplicate_00000729,463738547.058844,182.80000001192093,11,628845405.032658,182.80000007152557,6
preseq_00000731,463738547.214123,182.80000001192093,10,651336856.239351,182.79999995231628,11
bismark_methXtract_00000724,463738729.858844,7639.925000011921,11,628853227.447098,7639.924999952316,8
qualimap_00000721,463738730.38357,2488.824999988079,10,628845592.039737,9955.300000071526,24
bismark_summary_00000722,463746370.028942,182.80000001192093,10,651336856.860469,182.80000007152557,7
multiqc_00000725,463747251.382739,182.80000001192093,7,651337221.12906,182.79999995231628,34
bismark_align_00000567,467319636.470649,6187713.024999976,30,465272289.129837,6187713.025000036,30
bismark_deduplicate_00000669,467319636.871027,182.80000001192093,11,557494589.403026,182.80000007152557,11
preseq_00000671,467319637.026306,182.80000001192093,10,647439895.830218,731.2000000476837,28
bismark_methXtract_00000664,467319819.671027,7639.925000011921,11,628853409.225603,7639.925000071526,30
qualimap_00000661,467319820.195753,2488.8250000476837,10,628845775.687326,9955.300000071526,25
bismark_summary_00000662,467327459.841125,182.80000001192093,10,647439896.049513,974.9333339929581,12
multiqc_00000665,467328341.194923,182.80000001192093,8,651337222.305189,182.79999995231628,8
bismark_deduplicate_00000621,468832635.146344,182.80000001192093,11,597567256.492298,487.4666659832001,18
preseq_00000623,468832635.301623,182.80000001192093,10,642555499.358714,1462.3999990224838,1
bismark_align_00000603,468832817.545966,6187713.024999976,34,478961398.884273,6187713.025000036,33
bismark_deduplicate_00000681,468832817.946344,182.79999995231628,11,561394517.724224,182.80000007152557,10
preseq_00000683,468832818.101623,182.80000001192093,10,647438432.964379,731.2000000476837,25
qualimap_00000613,468832820.095056,2488.824999988079,8,625006797.024357,19910.600000023842,1
bismark_methXtract_00000616,468832821.167781,7639.925000011921,9,624976220.920026,30559.700000047684,29
bismark_methXtract_00000676,468833000.746344,7639.925000011921,11,624945663.163759,61119.39999997616,4
qualimap_00000673,468833001.27107,2488.824999988079,10,628845589.520056,19910.600000977516,3
bismark_summary_00000614,468840461.337879,182.80000001192093,10,642546724.492875,1462.3999999761581,4
bismark_report_00000618,468840464.853891,877.7249999642372,9,642534725.023581,2340.600000023842,22
bismark_summary_00000674,468840640.916442,182.80000001192093,8,647438433.119659,731.2000000476837,26
bismark_report_00000678,468840644.432454,877.7250000238419,11,628865498.506122,2340.600000023842,22
multiqc_00000617,468841342.691676,182.79999995231628,6,651330978.377262,487.4666659832001,22
multiqc_00000677,468841522.27024,182.80000001192093,10,651330118.460908,487.4666669368744,19
bismark_deduplicate_00000657,469926260.083844,182.80000001192093,11,538910888.931971,182.80000007152557,11
preseq_00000659,469926260.239123,182.80000001192093,10,647438921.426739,974.9333330392838,14
bismark_methXtract_00000652,469926442.883844,7639.924999952316,11,624986408.263091,20373.133333086967,21
qualimap_00000649,469926443.40857,2488.824999988079,10,628852228.641879,6636.866667032242,21
bismark_summary_00000650,469934083.053942,182.79999995231628,10,647438435.163527,1462.3999999761581,5
bismark_report_00000654,469934086.569954,877.7250000238419,11,628865685.758277,2340.5999999046326,20
multiqc_00000653,469934964.407739,182.80000001192093,7,651330978.209262,487.4666669368744,18
bismark_align_00000555,472753124.463218,6187713.025000036,35,608968580.921168,6187713.024999976,34
bismark_deduplicate_00000645,472753124.863596,182.79999995231628,11,516427260.139719,182.80000001192093,10
preseq_00000647,472753125.018875,182.80000001192093,10,647440871.603965,974.9333329200745,16
bismark_align_00000519,472753307.263218,6187713.025000036,32,449266510.285725,6187713.024999976,33
bismark_deduplicate_00000633,472753307.663596,182.80000001192093,11,512527331.818521,182.79999995231628,11
preseq_00000635,472753307.818875,182.80000096559525,10,647436972.918806,1462.4000000953674,4
qualimap_00000637,472753309.812308,2488.824999988079,8,628845588.238607,13273.733333945274,13
bismark_methXtract_00000640,472753310.885033,7639.925000011921,9,624945664.787745,61119.39999997616,0
bismark_methXtract_00000628,472753490.463596,7639.925000011921,11,624976222.544013,30559.699999928474,25
qualimap_00000625,472753490.988322,2488.824999988079,10,628853409.536808,2488.8249999284744,31
bismark_summary_00000638,472760951.055131,182.79999995231628,10,647439898.339924,1462.3999999761581,0
bismark_report_00000642,472760954.571144,877.7250000238419,9,628865500.120057,7021.799998998642,3
bismark_summary_00000626,472761130.633694,182.80000001192093,8,647436973.229365,1462.3999999761581,2
bismark_report_00000630,472761134.149707,877.7249999642372,11,647436962.648798,2340.600000023842,18
multiqc_00000641,472761832.408929,182.80000001192093,10,651337221.99463,182.80000007152557,10
multiqc_00000629,472762011.987492,182.79999995231628,9,651337221.594898,182.80000007152557,30
preseq_00000575,473507350.051306,182.80000001192093,10,642559886.713993,1462.4000000953674,0
bismark_methXtract_00000568,473507532.696027,7639.925000011921,11,624945964.554792,20373.133332967758,20
qualimap_00000565,473507533.220753,2488.824999988079,10,628860869.271308,2488.8250000476837,6
bismark_summary_00000566,473515172.866125,182.80000001192093,10,642562811.513993,1462.3999999761581,0
bismark_report_00000570,473515176.382138,877.7249999642372,11,628863543.436465,4681.199999928474,14
multiqc_00000569,473516054.219924,182.80000001192093,10,651337039.815748,182.80000007152557,6
bismark_align_00000543,475020347.770966,6187713.025000036,31,577690433.091098,6187713.025000095,30
bismark_deduplicate_00000597,475020348.171344,182.80000001192093,11,642534513.455039,182.79999899864197,33
preseq_00000599,475020348.326623,182.79999995231628,10,642548187.358714,1462.3999999761581,1
bismark_align_00000531,475020530.570966,6187713.024999976,34,384225392.910828,7599914.371398032,30
preseq_00000611,475020531.126623,182.80000001192093,10,642545262.558714,1462.3999999761581,1
bismark_methXtract_00000592,475020534.192781,7639.925000011921,9,642534696.255038,7639.924999952316,33
bismark_methXtract_00000604,475020713.771344,7639.925000011921,11,624945663.319039,61119.39999997616,3
qualimap_00000601,475020714.29607,2488.8250000476837,10,628845589.675336,19910.600000023842,4
bismark_summary_00000590,475028174.362879,182.80000001192093,10,642573048.313993,1462.3999999761581,0
bismark_report_00000594,475028177.878891,877.7250000238419,9,642542336.180039,2340.5999999046326,20
bismark_summary_00000602,475028353.941442,182.80000001192093,8,642545262.713993,1462.4000000953674,0
bismark_report_00000606,475028357.457454,877.7249999642372,11,642534727.406396,3510.899999976158,29
multiqc_00000593,475029055.716677,182.80000001192093,10,651330978.700191,487.4666669368744,23
multiqc_00000605,475029235.29524,182.80000001192093,9,651336858.932479,487.4666669368744,19
bismark_align_00000507,476113972.708466,6187713.025000036,33,443078797.260725,6187713.024999976,33
bismark_deduplicate_00000585,476113973.108844,182.80000001192093,11,624945475.779783,182.79999899864197,11
preseq_00000587,476113973.264123,182.79999995231628,10,647436973.539924,1462.3999999761581,0
bismark_methXtract_00000580,476114155.908844,7639.925000011921,11,624945661.220026,30559.699999928474,29
qualimap_00000577,476114156.43357,2488.824999988079,10,628858861.374931,6636.866667032242,19
bismark_summary_00000578,476121796.078942,182.80000001192093,10,647437946.648685,974.9333339929581,15
bismark_report_00000582,476121799.594954,877.7249999642372,11,647437827.445292,877.7250000238419,10
multiqc_00000581,476122677.43274,182.80000001192093,10,651330118.460908,487.4666669368744,18
bismark_align_00000483,478940837.488218,6187713.024999976,35,415503540.740897,7599914.4115229845,34
bismark_deduplicate_00000561,478940837.888596,182.80000001192093,11,615156294.346545,182.80000007152557,11
preseq_00000563,478940838.043875,182.80000001192093,10,642568661.113993,1462.3999999761581,0
bismark_align_00000447,478941020.288218,6187713.024999976,32,423103455.15242,7599916.058305025,33
bismark_deduplicate_00000525,478941020.688596,182.80000001192093,11,620050885.373723,182.79999995231628,9
preseq_00000527,478941020.843875,182.80000001192093,10,642559886.558713,1462.4000000953674,1
qualimap_00000553,478941022.837308,2488.824999988079,8,628859049.156135,6636.8666660785675,23
bismark_methXtract_00000556,478941023.910033,7639.925000011921,9,615156479.786789,30559.700000047684,27
bismark_methXtract_00000520,478941203.488596,7639.924999952316,11,620051070.813967,20373.133332967758,23
qualimap_00000517,478941204.013322,2488.824999988079,10,628845588.061401,9955.299999952316,27
bismark_summary_00000554,478948664.080131,182.80000001192093,10,642571585.758713,1462.3999999761581,1
bismark_report_00000558,478948667.596144,877.7249999642372,9,637640129.541331,3510.899999976158,28
bismark_summary_00000518,478948843.658694,182.79999995231628,8,642558424.313993,1462.3999999761581,0
bismark_report_00000522,478948847.174707,877.7250000238419,11,642534729.789212,3510.899999976158,24
multiqc_00000557,478949545.43393,182.80000001192093,10,651337770.860469,182.80000007152557,7
multiqc_00000521,478949725.012492,182.80000001192093,8,651337732.942855,182.79999995231628,32
bismark_deduplicate_00000501,479695062.921027,182.80000001192093,11,615156294.657104,182.79999995231628,9
preseq_00000503,479695063.076306,182.80000001192093,10,642571585.913993,1462.3999999761581,0
bismark_methXtract_00000496,479695245.721027,7639.925000011921,11,620051074.061939,30559.700000047684,24
qualimap_00000493,479695246.245753,2488.824999988079,10,628858387.43126,2488.8250000476837,11
bismark_summary_00000494,479702885.891125,182.79999995231628,10,642577435.358713,1462.3999999761581,1
bismark_report_00000498,479702889.407138,877.7250000238419,11,637640127.158516,3510.899999976158,27
multiqc_00000497,479703767.244923,182.80000001192093,10,651337588.060469,182.79999995231628,7
bismark_align_00000471,481208060.795966,6187713.024999976,31,430703371.210725,7599917.705088973,31
preseq_00000551,481208061.351623,182.80000001192093,10,642570123.358713,1462.3999999761581,1
bismark_deduplicate_00000537,481208243.996344,182.80000001192093,11,606361775.774567,182.79999995231628,8
preseq_00000539,481208244.151623,182.80000001192093,10,642565736.158713,1462.3999999761581,1
qualimap_00000541,481208246.145056,2488.824999988079,8,625026707.624357,19910.600000023842,1
bismark_methXtract_00000544,481208247.217781,7639.925000011921,9,615156482.031893,30559.699999928474,26
bismark_methXtract_00000532,481208426.796344,7639.925000011921,11,606361961.214811,20373.133333086967,22
qualimap_00000529,481208427.32107,2488.824999988079,10,625006782.563759,19910.600000023842,4
bismark_summary_00000542,481215887.387879,182.80000001192093,10,642567198.713993,1462.4000000953674,0
bismark_report_00000546,481215890.903891,877.7249999642372,9,628863547.834604,4681.199999928474,17
bismark_summary_00000530,481216066.966442,182.80000001192093,8,642564273.758713,1462.3999999761581,1
bismark_report_00000534,481216070.482454,877.7250000238419,11,628865499.855532,7021.799999952316,5
multiqc_00000545,481216768.741677,182.80000001192093,10,651337769.994898,182.80000007152557,30
bismark_align_00000435,482301685.733466,6187713.024999976,33,423103455.15242,7599916.058305025,32
bismark_deduplicate_00000513,482301686.133844,182.79999995231628,11,507632741.478568,487.46666699647903,18
preseq_00000515,482301686.289123,182.80000001192093,10,647437946.493406,974.9333329200745,14
bismark_methXtract_00000508,482301868.933844,7639.925000011921,11,507633230.973542,30559.700000047684,25
qualimap_00000505,482301869.45857,2488.824999988079,10,624986481.583099,9955.299999952316,24
bismark_summary_00000506,482309509.103942,182.80000001192093,10,647437946.182847,974.9333329200745,12
bismark_report_00000510,482309512.619954,877.7250000238419,11,642534732.172027,3510.899999976158,25
multiqc_00000509,482310390.457739,182.80000001192093,7,651336859.541219,731.2000000476837,29
bismark_deduplicate_00000489,485128550.913596,182.80000001192093,11,615156294.967663,182.79999995231628,7
preseq_00000491,485128551.068875,182.80000001192093,10,642573048.158713,1462.3999999761581,1
preseq_00000455,485128733.868875,182.79999995231628,10,642545261.937596,1462.4000000953674,5
qualimap_00000481,485128735.862308,2488.824999988079,8,624999871.399042,13273.733333945274,16
bismark_methXtract_00000484,485128736.935033,7639.924999952316,9,615156480.407907,30559.700000047684,25
bismark_methXtract_00000448,485128916.513596,7639.925000011921,11,624945851.399042,40746.2666670084,16
qualimap_00000445,485128917.038322,2488.8250000476837,10,624999681.792538,13273.7333329916,15
bismark_summary_00000482,485136377.105131,182.80000001192093,10,642552574.713993,1462.4000000953674,0
bismark_report_00000486,485136380.621144,877.7250000238419,9,637640120.010069,3510.899999976158,25
bismark_summary_00000446,485136556.683694,182.80000001192093,8,642543800.313993,1462.3999999761581,0
multiqc_00000485,485137258.45893,182.80000001192093,10,651337527.198889,487.4666669368744,18
multiqc_00000449,485137438.037493,182.80000001192093,9,651337221.918471,731.2000000476837,25
bismark_deduplicate_00000429,485882775.946027,182.80000001192093,11,538910889.087251,182.80000007152557,9
preseq_00000431,485882776.101306,182.79999995231628,10,642552574.558714,1462.3999999761581,1
bismark_methXtract_00000424,485882958.746027,7639.925000011921,11,620051077.727144,40746.2666670084,12
qualimap_00000421,485882959.270753,2488.824999988079,10,628852412.289468,6636.8666669130325,23
bismark_summary_00000422,485890598.916125,182.80000001192093,10,642551112.158714,1462.3999999761581,1
bismark_report_00000426,485890602.432137,877.7250009775162,11,628863543.171941,4681.199999928474,13
multiqc_00000425,485891480.269924,182.80000001192093,10,651337405.105189,182.80000007152557,8
bismark_align_00000327,487395773.820966,6187713.024999976,31,436891084.235725,6187713.025000036,33
bismark_deduplicate_00000477,487395774.221344,182.80000001192093,11,438303289.316191,182.80000096559525,11
preseq_00000479,487395774.376623,182.80000001192093,10,642548186.737596,1462.3999999761581,5
bismark_align_00000387,487395956.620966,6187713.024999976,34,438303288.915814,6187713.025000036,35
preseq_00000467,487395957.176623,182.80000001192093,10,651336855.994898,182.80000007152557,30
qualimap_00000469,487395959.170056,2488.824999988079,8,628852228.377355,6636.866667032242,18
bismark_methXtract_00000472,487395960.242781,7639.925000011921,9,624966337.688125,20373.13333404064,20
bismark_methXtract_00000460,487396139.821344,7639.924999952316,11,624945853.023029,40746.266666054726,17
qualimap_00000457,487396140.34607,2488.824999988079,10,624986597.665709,13273.7333329916,16
bismark_summary_00000470,487403600.412879,182.80000001192093,10,642546724.958714,1462.3999999761581,1
bismark_report_00000474,487403603.928891,877.7250000238419,9,628865500.53986,7021.799999952316,0
bismark_summary_00000458,487403779.991442,182.79999995231628,8,651336856.39463,182.80000007152557,10
multiqc_00000473,487404481.766676,182.80000001192093,6,651337526.57777,487.4666659832001,23
multiqc_00000461,487404661.34524,182.80000001192093,10,651337770.239351,182.79999995231628,11
bismark_deduplicate_00000441,488489399.158844,182.80000001192093,11,583878146.671755,182.80000007152557,10
preseq_00000443,488489399.314123,182.80000001192093,10,651336856.705189,182.79999995231628,8
bismark_methXtract_00000436,488489581.958844,7639.925000011921,11,620051072.699905,40746.2666670084,15
qualimap_00000433,488489582.48357,2488.8250000476837,10,628845588.503131,13273.733333945274,14
bismark_summary_00000434,488497222.128942,182.80000001192093,10,651336856.54991,182.80000007152557,9
bismark_report_00000438,488497225.644954,877.7249999642372,11,651329220.233243,877.7250000238419,34
multiqc_00000437,488498103.48274,182.80000001192093,10,651337770.54991,182.80000007152557,9
bismark_align_00000351,491316263.538218,6187713.024999976,35,465272289.129837,6187713.025000036,31
bismark_deduplicate_00000417,491316263.938596,182.80000001192093,11,535010960.766053,182.79999995231628,9
preseq_00000419,491316264.093875,182.80000001192093,10,647436973.074086,1462.4000000953674,3
preseq_00000383,491316446.893875,182.80000001192093,10,647438435.318806,1462.3999999761581,4
qualimap_00000409,491316448.887308,2488.824999988079,8,628845588.658411,13273.7333329916,15
bismark_methXtract_00000412,491316449.960033,7639.925000011921,9,620051075.685926,30559.700000047684,27
bismark_methXtract_00000376,491316629.538596,7639.925000011921,11,624966038.37773,20373.133332967758,23
qualimap_00000373,491316630.063322,2488.824999988079,10,628845591.510688,6636.866667032242,18
bismark_summary_00000410,491324090.130131,182.80000001192093,10,647436972.763527,1462.3999999761581,5
bismark_summary_00000374,491324269.708694,182.80000001192093,8,647438921.892578,974.9333330392838,17
bismark_report_00000378,491324273.224707,877.7249999642372,11,637640111.847195,877.7250000238419,6
multiqc_00000413,491324971.48393,182.80000001192093,10,651330978.998025,731.2000000476837,24
multiqc_00000377,491325151.062493,182.79999995231628,9,651337403.92906,182.80000007152557,34
preseq_00000407,492070489.126306,182.80000001192093,10,647439898.029365,1462.4000000953674,2
bismark_methXtract_00000400,492070671.771027,7639.924999952316,11,624945846.109851,30559.700000047684,27
qualimap_00000397,492070672.295753,2488.824999988079,10,624986482.595148,9955.300000071526,26
bismark_summary_00000398,492078311.941125,182.80000001192093,10,647440870.982847,974.9333330392838,12
bismark_report_00000402,492078315.457137,877.7250000238419,11,628858866.634604,4681.200000047684,17
multiqc_00000401,492079193.294923,182.80000001192093,10,651337404.639351,182.79999995231628,11
bismark_align_00000303,493583486.845966,6187713.025000036,31,463054141.015814,6187713.024999976,35
bismark_deduplicate_00000333,493583487.246344,182.80000001192093,11,597567439.070911,182.79999995231628,6
preseq_00000335,493583487.401623,182.80000001192093,10,647440626.56438,731.1999999284744,25
bismark_align_00000315,493583669.645966,6187713.025000036,34,430703371.210725,7599917.705088973,35
preseq_00000395,493583670.201623,182.79999995231628,10,647440871.759244,974.9333339929581,17
qualimap_00000325,493583672.195056,2488.824999988079,8,628858861.639455,6636.866667032242,22
bismark_methXtract_00000328,493583673.26778,7639.925000011921,9,624945665.244397,20373.133332967758,23
bismark_methXtract_00000388,493583852.846344,7639.925000011921,11,624966035.129757,20373.133333921432,21
qualimap_00000385,493583853.37107,2488.824999988079,10,628853409.78126,2488.8249999284744,11
bismark_summary_00000326,493591313.437878,182.80000096559525,10,647439164.630218,731.1999999284744,28
bismark_report_00000330,493591316.953891,877.7250000238419,9,642534715.492319,2340.600000023842,23
bismark_summary_00000386,493591493.016442,182.80000001192093,8,647441358.074939,731.1999999284744,27
bismark_report_00000390,493591496.532454,877.7249999642372,11,647436949.720292,877.7250000238419,10
multiqc_00000329,493592194.791677,182.80000001192093,10,651337586.884339,182.80000007152557,33
multiqc_00000389,493592374.37024,182.80000001192093,9,651337404.239619,182.79999995231628,31
bismark_align_00000291,494677111.783466,6187713.025000036,33,391825307.282226,7599916.018178999,30
bismark_deduplicate_00000369,494677112.183844,182.80000001192093,11,620050885.218443,182.79999995231628,10
preseq_00000371,494677112.339123,182.80000001192093,10,647439164.164379,731.200001001358,25
bismark_methXtract_00000364,494677294.983844,7639.925000011921,11,620051071.075919,40746.2666670084,13
qualimap_00000361,494677295.50857,2488.824999988079,10,628845590.049105,19910.599999904633,1
bismark_summary_00000362,494684935.153942,182.80000001192093,10,647438433.274938,731.200001001358,27
bismark_report_00000366,494684938.669954,877.7250000238419,11,642534704.946629,877.7249999046326,10
multiqc_00000365,494685816.50774,182.79999995231628,10,651330979.46421,731.1999999284744,25
bismark_align_00000267,497503976.563218,6187713.024999976,35,415503540.740897,7599914.4115229845,32
bismark_deduplicate_00000357,497503976.963596,182.80000001192093,11,561394517.94561,487.4666669368744,20
preseq_00000359,497503977.118875,182.79999995231628,10,647439896.825911,974.9333329200745,17
bismark_deduplicate_00000345,497504159.763596,182.80000001192093,11,561394517.79033,487.4666669368744,19
preseq_00000347,497504159.918875,182.80000001192093,10,647438435.939924,1462.3999999761581,0
qualimap_00000349,497504161.912308,2488.8250000476837,8,625026691.695052,19910.600000023842,5
bismark_methXtract_00000352,497504162.985033,7639.925000011921,9,624945967.595148,30559.700000047684,26
bismark_methXtract_00000340,497504342.563596,7639.925000011921,11,606362266.046325,61119.39999997616,5
qualimap_00000337,497504343.088322,2488.824999988079,10,625026693.163759,19910.600000023842,4
bismark_summary_00000350,497511803.155131,182.80000001192093,10,647438435.629365,1462.3999999761581,2
bismark_report_00000354,497511806.671144,877.7249999642372,9,628858866.37008,4681.200000047684,16
bismark_summary_00000338,497511982.733694,182.80000001192093,8,647438435.784645,1462.4000000953674,1
bismark_report_00000342,497511986.249707,877.7250000238419,11,628858862.391744,4681.199999928474,15
multiqc_00000341,497512864.087493,182.80000001192093,9,651337405.260469,182.80000007152557,7
bismark_deduplicate_00000285,498258201.996027,182.80000001192093,11,606361775.619287,182.79999995231628,9
preseq_00000287,498258202.151306,182.80000001192093,10,628871153.834604,974.9333329200745,17
bismark_methXtract_00000280,498258384.796027,7639.925000011921,11,620051072.437953,30559.700000047684,29
qualimap_00000277,498258385.320753,2488.8250000476837,10,628855543.096877,9955.300000071526,29
bismark_summary_00000278,498266024.966125,182.80000001192093,10,628872128.767937,974.9333330392838,17
bismark_report_00000282,498266028.482137,877.7249999642372,11,628865686.022801,2340.5999999046326,23
multiqc_00000281,498266906.319922,182.80000001192093,10,651337587.194898,182.79999995231628,30
bismark_deduplicate_00000309,499771200.271344,182.80000001192093,11,579978218.350557,182.80000007152557,7
preseq_00000311,499771200.426623,182.80000001192093,10,647436973.384645,1462.3999999761581,1
bismark_deduplicate_00000321,499771383.071344,182.79999995231628,11,579978218.505837,182.80000007152557,6
preseq_00000323,499771383.226623,182.80000001192093,10,647442089.274939,731.2000000476837,27
qualimap_00000301,499771385.220056,2488.824999988079,8,625026706.000371,19910.600000023842,2
bismark_methXtract_00000304,499771386.29278,7639.925000011921,9,615156483.65588,30559.700000047684,28
bismark_methXtract_00000316,499771565.871344,7639.925000011921,11,624945663.62041,20373.13333404064,22
qualimap_00000313,499771566.39607,2488.824999988079,10,628855547.339737,9955.299999952316,24
bismark_summary_00000302,499779026.462878,182.80000001192093,10,647436970.719659,731.2000000476837,26
bismark_report_00000306,499779029.978891,877.7249999642372,9,647436942.571846,877.7250000238419,7
bismark_summary_00000314,499779206.041442,182.80000001192093,8,647441357.919659,731.1999999284744,26
multiqc_00000305,499779907.816676,182.79999995231628,8,651337039.732225,487.4666670560837,21
multiqc_00000317,499780087.39524,182.80000001192093,10,651337405.415748,182.79999995231628,6
bismark_align_00000219,500864824.808466,6187713.024999976,33,586484952.128915,6187713.025000095,34
bismark_deduplicate_00000297,500864825.208844,182.80000001192093,11,606361775.464008,182.80000007152557,10
preseq_00000299,500864825.364123,182.80000001192093,10,628870178.636746,974.9333339929581,16
bismark_methXtract_00000292,500865008.008844,7639.924999952316,11,606361960.904252,30559.699999928474,27
qualimap_00000289,500865008.53357,2488.824999988079,10,628860867.216819,2488.8249999284744,9
bismark_summary_00000290,500872648.178942,182.79999995231628,10,628871149.32722,974.9333330392838,12
bismark_report_00000294,500872651.694954,877.7250000238419,11,628858861.971941,4681.200000047684,13
multiqc_00000293,500873529.532739,182.80000001192093,7,651337586.72906,182.79999995231628,34
bismark_align_00000195,503691689.588218,6187713.025000036,35,613863171.637786,6187713.024999976,33
bismark_deduplicate_00000273,503691689.988596,182.79999995231628,11,583878146.827035,182.80000007152557,7
preseq_00000275,503691690.143875,182.80000001192093,10,651329244.362694,487.4666669368744,18
bismark_deduplicate_00000237,503691872.788596,182.80000001192093,11,597567256.270911,182.80000007152557,6
preseq_00000239,503691872.943875,182.80000001192093,10,642542337.603434,1462.3999999761581,2
qualimap_00000265,503691874.937308,2488.824999988079,8,625046616.600371,19910.600000023842,2
bismark_methXtract_00000268,503691876.010033,7639.925000011921,9,620051073.010464,40746.2666670084,14
bismark_methXtract_00000232,503692055.588596,7639.925000011921,11,624966036.753744,20373.133332967758,22
qualimap_00000229,503692056.113322,2488.824999988079,10,628845591.775213,6636.866665959358,21
bismark_summary_00000266,503699516.180131,182.79999995231628,10,651329244.673253,487.4666669368744,20
bismark_summary_00000230,503699695.758694,182.80000001192093,8,642542337.913993,1462.3999999761581,0
bismark_report_00000234,503699699.274707,877.7249999642372,11,642534712.095075,877.7250000238419,6
multiqc_00000269,503700397.53393,182.80000001192093,10,651337587.905189,182.79999995231628,8
multiqc_00000233,503700577.112492,182.79999995231628,8,651337403.617855,182.80000007152557,35
bismark_deduplicate_00000213,504445915.021027,182.79999995231628,11,606361775.308728,182.80000007152557,11
preseq_00000215,504445915.176306,182.80000001192093,10,628873099.458411,974.9333330392838,15
bismark_methXtract_00000208,504446097.821027,7639.925000011921,11,624945662.844013,30559.700000047684,25
qualimap_00000205,504446098.345753,2488.824999988079,10,628852412.024944,6636.866667032242,20
bismark_summary_00000206,504453737.991125,182.80000001192093,10,628874078.634604,974.9333330392838,17
bismark_report_00000210,504453741.507137,877.7250000238419,11,628863543.32722,4681.200000047684,12
multiqc_00000209,504454619.344922,182.80000001192093,10,651337770.39463,182.80000007152557,10
bismark_align_00000183,505958912.895966,6187713.025000036,31,622657690.675603,6187713.024999976,30
bismark_deduplicate_00000261,505958913.296344,182.80000001192093,11,647429104.171657,182.80000007152557,35
preseq_00000263,505958913.451623,182.79999995231628,10,647436970.098541,487.4666659832001,23
bismark_deduplicate_00000249,505959096.096344,182.80000001192093,11,628845404.011808,182.79999995231628,31
preseq_00000251,505959096.251623,182.80000001192093,10,651336855.684339,182.79999995231628,33
bismark_methXtract_00000256,505959099.31778,7639.925000011921,9,647429286.971657,7639.924999952316,35
bismark_methXtract_00000244,505959278.896344,7639.925000011921,11,628845589.421308,7639.924999952316,6
qualimap_00000241,505959279.42107,2488.8250000476837,10,628845770.954239,9955.299999952316,28
bismark_summary_00000254,505966739.487878,182.79999995231628,10,647436972.025911,974.9333330392838,17
bismark_summary_00000242,505966919.066442,182.80000001192093,8,651336855.839619,182.79999995231628,31
bismark_report_00000246,505966922.582454,877.7249999642372,11,651329222.616058,877.7250000238419,33
multiqc_00000257,505967620.841676,182.80000001192093,6,651330978.85512,731.2000000476837,29
multiqc_00000245,505967800.42024,182.80000001192093,10,651337404.084339,182.79999995231628,33
bismark_align_00000147,507052537.833466,6187713.025000036,33,481617280.090814,6187713.024999976,35
bismark_deduplicate_00000225,507052538.233844,182.80000001192093,11,615156294.501825,182.80000007152557,10
preseq_00000227,507052538.389123,182.79999995231628,10,642543800.158714,1462.3999999761581,1
bismark_methXtract_00000220,507052721.033844,7639.925000011921,11,615156480.3593,40746.2666670084,13
qualimap_00000217,507052721.55857,2488.824999988079,10,628860867.061539,2488.8249999284744,10
bismark_summary_00000218,507060361.203942,182.80000001192093,10,637647748.532015,974.9333339929581,13
bismark_report_00000222,507060364.719954,877.7249999642372,11,637640112.861623,2340.5999999046326,18
multiqc_00000221,507061242.557739,182.79999995231628,7,651337039.732224,487.4666670560837,20
bismark_align_00000123,509879402.613218,6187713.024999976,35,496550436.959906,6187713.025000036,34
bismark_deduplicate_00000201,509879403.013596,182.80000001192093,11,620050885.063164,182.79999995231628,11
preseq_00000203,509879403.168875,182.80000001192093,10,642542337.021098,974.9333330392838,17
bismark_align_00000087,509879585.413218,6187713.024999976,32,519034065.752158,6187713.025000036,34
bismark_deduplicate_00000165,509879585.813596,182.80000001192093,11,615156294.812384,182.79999995231628,8
preseq_00000167,509879585.968875,182.80000001192093,10,637647748.842574,974.9333339929581,15
qualimap_00000193,509879587.962308,2488.824999988079,8,628852224.772789,6636.866665959358,22
bismark_methXtract_00000196,509879589.035033,7639.925000011921,9,624945666.509217,40746.2666670084,13
bismark_methXtract_00000160,509879768.613596,7639.924999952316,11,624945849.775056,40746.2666670084,12
qualimap_00000157,509879769.138322,2488.824999988079,10,625006781.095052,19910.600000023842,5
bismark_summary_00000194,509887229.205131,182.80000001192093,10,642542337.137596,1462.3999999761581,5
bismark_report_00000198,509887232.721144,877.7249999642372,9,642534701.195426,877.7250000238419,30
bismark_summary_00000158,509887408.783694,182.79999995231628,8,637647748.687295,974.9333330392838,14
bismark_report_00000162,509887412.299707,877.7250000238419,11,637640124.7757,3510.899999976158,26
multiqc_00000197,509888110.55893,182.80000001192093,10,651337770.705189,182.79999995231628,8
multiqc_00000161,509888290.137492,182.80000001192093,8,651330116.078094,731.2000000476837,27
bismark_deduplicate_00000141,510633628.046027,182.80000001192093,11,561394518.100889,487.4666670560837,21
preseq_00000143,510633628.201306,182.80000001192093,10,637652136.62491,1462.3999999761581,1
bismark_methXtract_00000136,510633810.846027,7639.925000011921,11,561395007.595863,30559.700000047684,24
qualimap_00000133,510633811.370753,2488.824999988079,10,624986412.775884,13273.7333329916,13
bismark_summary_00000134,510641451.016125,182.79999995231628,10,637650674.069631,1462.3999999761581,2
bismark_report_00000138,510641454.532137,877.7250000238419,11,628863543.591744,4681.200000047684,15
multiqc_00000137,510642332.369922,182.80000001192093,10,651337769.217855,182.80000007152557,35
bismark_deduplicate_00000189,512146626.321343,182.80000001192093,11,628845403.700603,182.79999995231628,30
preseq_00000191,512146626.476623,182.80000001192093,10,628875446.984581,1462.3999999761581,2
bismark_align_00000099,512146808.720966,6187713.025000036,34,510239546.714342,6187713.024999976,31
bismark_deduplicate_00000177,512146809.121343,182.80000096559525,11,651329032.492855,182.80000007152557,32
preseq_00000179,512146809.276623,182.80000001192093,10,651336855.52906,182.79999995231628,34
qualimap_00000181,512146811.270056,2488.824999988079,8,628855898.60626,2488.8250000476837,11
bismark_methXtract_00000184,512146812.34278,7639.925000011921,9,628845769.611808,7639.925000071526,31
bismark_methXtract_00000172,512146991.921344,7639.925000011921,11,651329215.292855,7639.924999952316,32
qualimap_00000169,512146992.44607,2488.824999988079,10,651329215.623238,2488.8250000476837,35
bismark_summary_00000182,512154452.512878,182.80000001192093,10,628875446.720056,1462.3999999761581,3
bismark_report_00000186,512154456.028891,877.7249999642372,9,628858862.236465,4681.200000047684,14
bismark_summary_00000170,512154632.091442,182.80000001192093,8,651336855.217855,182.80000007152557,35
multiqc_00000185,512155333.866676,182.80000001192093,6,651337771.015748,182.79999995231628,6
multiqc_00000173,512155513.44524,182.79999995231628,10,651337915.742855,182.80000007152557,32
bismark_deduplicate_00000153,513240251.258843,182.80000001192093,11,624945475.935062,182.79999995231628,10
preseq_00000155,513240251.414123,182.80000001192093,10,647436971.715352,974.9333329200745,15
bismark_methXtract_00000148,513240434.058843,7639.925000965595,11,624945661.792538,40746.266665935516,15
qualimap_00000145,513240434.58357,2488.824999988079,10,628845587.906122,6636.866667032242,22
bismark_summary_00000146,513248074.228942,182.80000001192093,10,647437702.074938,731.1999999284744,27
multiqc_00000149,513248955.582739,182.80000001192093,7,651337588.215748,182.80000007152557,6
preseq_00000131,516067116.193875,182.80000001192093,10,637647749.58019,1462.4000000953674,0
bismark_align_00000051,516067298.438218,6187713.024999976,32,541517694.544411,6187713.025000095,34
preseq_00000095,516067298.993875,182.79999995231628,10,637647748.376736,974.9333329200745,12
qualimap_00000121,516067300.987308,2488.824999988079,8,628845589.93986,19910.600000023842,0
bismark_methXtract_00000124,516067302.060033,7639.924999952316,9,502738335.825528,20373.133332967758,23
bismark_methXtract_00000088,516067481.638596,7639.925000011921,11,615156481.828007,40746.2666670084,12
qualimap_00000085,516067482.163322,2488.8250000476837,10,628855543.361401,9955.300000071526,27
bismark_summary_00000122,516074942.230131,182.80000001192093,10,637647749.269631,1462.3999999761581,2
bismark_report_00000126,516074945.746144,877.7250000238419,9,637647750.238959,3510.9000000953674,27
bismark_summary_00000086,516075121.808694,182.80000001192093,8,637647748.15744,731.2000000476837,28
bismark_report_00000090,516075125.324707,877.7250000238419,11,637640117.627254,3510.899999976158,29
multiqc_00000125,516075823.58393,182.80000001192093,10,651337221.36881,731.1999999284744,27
multiqc_00000089,516076003.162493,182.80000001192093,9,651337222.14991,182.80000007152557,9
preseq_00000119,516821341.071027,182.80000001192093,11,642542336.646523,731.2000000476837,29
bismark_methXtract_00000112,516821523.470649,7639.925000011921,30,507632926.542146,30559.69999998808,26
qualimap_00000109,516821523.895699,2488.824999988079,11,628845589.784581,19910.600000023842,2
bismark_report_00000114,516829163.395649,877.7249999642372,30,642534720.25795,2340.600000023842,20
bismark_summary_00000110,516829163.640747,182.80000001192093,11,642542336.491243,487.4666669368744,23
multiqc_00000113,516830041.1924,182.80000001192093,30,651337221.679368,731.1999999284744,24
bismark_deduplicate_00000045,518334339.257171,182.80000001192093,30,561394517.724224,182.80000007152557,11
preseq_00000047,518334339.501623,182.80000001192093,11,628872521.920056,1462.3999999761581,3
preseq_00000107,518334522.301623,182.80000001192093,11,628868224.52722,974.9333330392838,12
qualimap_00000037,518334523.49427,2488.824999988079,9,628852224.508264,6636.866667032242,19
bismark_methXtract_00000040,518334524.666671,7639.925000011921,10,624986411.511063,20373.13333404064,23
bismark_methXtract_00000100,518334704.857171,7639.925000011921,30,516427445.579963,30559.69999998808,28
qualimap_00000097,518334705.282221,2488.824999988079,11,628860876.25626,2488.8249999284744,11
bismark_summary_00000038,518342164.836769,182.80000001192093,11,628873984.73986,1462.3999999761581,0
bismark_report_00000042,518342168.352781,877.7250000238419,10,628865500.649105,7021.800000071526,1
bismark_summary_00000098,518342345.027269,182.80000001192093,9,628872905.571941,974.9333330392838,13
bismark_report_00000102,518342347.174894,877.7250000238419,30,628865500.275336,7021.799999952316,4
multiqc_00000041,518343046.190567,182.80000001192093,11,651337221.284339,182.80000007152557,33
multiqc_00000101,518343225.01268,182.80000001192093,10,651337039.660469,182.79999995231628,7
bismark_align_00000004,519427963.883466,6187713.024999976,33,577690433.091098,6187713.025000095,32
bismark_deduplicate_00000081,519427964.194671,182.80000001192093,30,535010960.610773,182.79999995231628,10
preseq_00000083,519427964.439123,182.80000001192093,11,647436970.874938,731.2000000476837,27
bismark_methXtract_00000076,519428146.994671,7639.925000011921,30,606361962.94547,40746.2666670084,13
qualimap_00000073,519428147.419721,2488.824999988079,11,628845589.255532,19910.600000023842,5
bismark_summary_00000074,519435787.164769,182.80000001192093,11,647436970.564379,731.2000000476837,25
bismark_report_00000078,519435789.312394,877.7249999642372,30,647436969.797244,2340.600000023842,20
multiqc_00000077,519436667.15018,182.80000001192093,11,651337039.732223,487.4666659832001,18
bismark_deduplicate_00000069,522254828.663218,182.79999995231628,35,538910888.931971,182.80000007152557,10
preseq_00000071,522254828.974423,182.80000001192093,30,628871149.436465,974.9333329200745,14
bismark_deduplicate_00000057,522255011.463218,182.80000001192093,32,547705407.969788,182.80000007152557,11
preseq_00000059,522255011.774423,182.80000001192093,35,637647749.424911,1462.3999999761581,1
qualimap_00000061,522255012.900318,2488.824999988079,11,628860867.372098,2488.8250000476837,8
bismark_methXtract_00000064,522255013.491525,7639.925000011921,30,624976407.433838,30559.700000047684,28
bismark_methXtract_00000052,522255194.263218,7639.925000011921,32,628853229.346308,7639.924999952316,6
qualimap_00000049,522255194.593601,2488.824999988079,35,628845775.422801,6636.866667032242,23
bismark_report_00000066,522262653.416526,877.7249999642372,35,628863547.57008,4681.199999928474,16
bismark_summary_00000062,522262653.57245,182.80000001192093,30,628868224.636465,974.9333330392838,14
bismark_report_00000054,522262834.188218,877.7250000238419,32,637640122.392885,3510.899999976158,24
bismark_summary_00000050,522262834.433316,182.80000001192093,11,637652136.78019,1462.3999999761581,0
multiqc_00000065,522263531.141527,182.80000001192093,30,651330978.36454,487.4666670560837,19
multiqc_00000053,522263711.91322,182.80000001192093,35,651337221.839351,182.79999995231628,11
bismark_deduplicate_00000021,524522051.970966,182.80000001192093,31,579978218.195278,182.79999995231628,11
preseq_00000023,524522052.282171,182.80000001192093,35,647437701.764379,731.1999999284744,25
bismark_deduplicate_00000033,524522234.770966,182.80000001192093,34,570189036.76204,182.79999995231628,11
bismark_methXtract_00000016,524522234.770966,7639.925000011921,31,624945676.000371,61119.399999022484,2
preseq_00000035,524522235.082171,182.79999995231628,35,637647748.997854,974.9333330392838,16
qualimap_00000013,524522235.101348,2488.824999988079,32,628855726.254239,9955.300000071526,28
bismark_methXtract_00000028,524522417.570966,7639.925000011921,34,624945677.624357,61119.39999997616,1
qualimap_00000025,524522417.901348,2488.824999988079,35,628845775.158277,6636.8666669130325,20
bismark_summary_00000014,524529874.851891,182.80000001192093,35,647436970.25382,731.2000000476837,29
bismark_report_00000030,524530057.495966,877.7249999642372,34,637640115.244438,2340.5999999046326,19
bismark_summary_00000026,524530057.651891,182.80000001192093,32,642543799.848155,1462.3999999761581,3
multiqc_00000017,524530752.420968,182.80000001192093,32,651330978.13781,487.4666659832001,21
multiqc_00000029,524530935.220967,182.80000001192093,34,651337039.111103,487.4666669368744,23
bismark_deduplicate_00000006,525615676.908466,182.80000001192093,33,583878146.516476,182.79999995231628,11
preseq_00000007,525615677.219671,182.80000001192093,35,651329245.294371,731.2000000476837,29
bismark_methXtract_00000010,525615859.708466,7639.925000011921,33,624986409.887077,20373.133332967758,22
qualimap_00000011,525615860.038848,2488.824999988079,35,628859048.891611,6636.8666660785675,20
bismark_summary_00000009,525623499.789391,182.80000001192093,35,651329245.449651,731.2000000476837,24
multiqc_00000002,525624377.358467,182.80000001192093,33,651337039.34991,182.79999995231628,9
